,Experimento,Model,Features,Macro Precisão,Macro Revocação,Macro F1-Measure,Micro Precisão,Micro Revocação,Micro F1-Measure,Tempo
1,TRT13_2G_JT_TF-IDF_CorpusCompleto_CV5,Multinomial Naive Bayes,TF-IDF,0.23171360118882536,0.12497216561416957,0.13928326645465836,0.3245976970794447,0.3381748321796463,0.2957552322590032,0:00:30.636514
2,TRT13_2G_JT_TF-IDF_CorpusCompleto_CV5,Random Forest,TF-IDF,0.25912465826540215,0.13857521548979013,0.17024551705887636,0.3004862765199096,0.2953563472722652,0.2779296537196354,0:13:18.428605
