;Experimento;Model;Features;Macro Precisão;Macro Revocação;Macro F1-Measure;Micro Precisão;Micro Revocação;Micro F1-Measure;Tempo
0;TRT15_2G_JT_2017_LSI_200_CorpusCompleto_CV5;Random Forest;LSI_200;0.2691532342792331;0.1588105625563375;0.18864238643403697;0.3092729197121233;0.3174627419319645;0.2977740803273613;0:04:18.216739
1;TRT15_2G_JT_2017_LSI_200_CorpusCompleto_CV5;Multilayer Perceptron;LSI_200;0.3019395171636875;0.17858705578515463;0.20704030622727698;0.3441423383446869;0.3490257260686465;0.32780112633783276;0:16:31.189582
