;Experimento;Model;Features;Macro Precisão;Macro Revocação;Macro F1-Measure;Micro Precisão;Micro Revocação;Micro F1-Measure;Tempo
0;TRT13_2G_JT_LSI_350_CorpusCompleto_CV5;SVM_bagging;LSI_350;0.15735544163729026;0.3026577475374425;0.1477376457827995;0.4548628712824576;0.16455365018613483;0.17622169670913135;3:37:41.512479
1;TRT13_2G_JT_LSI_200_CorpusCompleto_CV5;Multilayer Perceptron;LSI_200;0.3273692638880607;0.1912559970294705;0.2220210649956348;0.3665646446637967;0.3654895570140685;0.3411926857712121;0:22:58.877298
2;TRT13_2G_JT_LSI_200_CorpusCompleto_CV5;SVM_bagging;LSI_200;0.14985039145859266;0.28898130209018574;0.13726712936078053;0.43881480503212483;0.15415551601955538;0.16416902287448265;5:25:29.863488
