;Experimento;Model;Features;Macro Precisão;Macro Revocação;Macro F1-Measure;Micro Precisão;Micro Revocação;Micro F1-Measure;Tempo
0;TRT13_2G_JT_LSI_300_CorpusCompleto_CV5;SVM_bagging;LSI_300;0.15569511656570134;0.29912138238579866;0.14525125586687215;0.44947119083303105;0.16166071134899157;0.17252384782649136;3:40:33.253348
1;TRT13_2G_JT_LSI_200_CorpusCompleto_CV5;Multilayer Perceptron;LSI_200;0.3273692638880607;0.1912559970294705;0.2220210649956348;0.3665646446637967;0.3654895570140685;0.3411926857712121;0:22:58.877298
2;TRT13_2G_JT_LSI_200_CorpusCompleto_CV5;SVM_bagging;LSI_200;0.14985039145859266;0.28898130209018574;0.13726712936078053;0.43881480503212483;0.15415551601955538;0.16416902287448265;5:25:29.863488
