,Experimento,Model,Features,Macro Precisão,Macro Revocação,Macro F1-Measure,Micro Precisão,Micro Revocação,Micro F1-Measure,Tempo
4,TRT13_2G_JT_LSI_300_CorpusCompleto_CV5,Random Forest,LSI_300,0.2804463512491209,0.1546893652125904,0.18582750517810542,0.3148156344885403,0.3142464155964537,0.2976788985967362,0:09:27.747253
5,TRT13_2G_JT_LSI_300_CorpusCompleto_CV5,Multilayer Perceptron,LSI_300,0.304437959906514,0.1995921355211052,0.2273034534306892,0.35647127278874474,0.3611613616995829,0.33968723728515027,0:29:14.286827
