;Experimento;Model;Features;Macro Precisão;Macro Revocação;Macro F1-Measure;Micro Precisão;Micro Revocação;Micro F1-Measure;Tempo
0;TRT13_2G_JT_LSI_250_CorpusCompleto_CV5;SVM_bagging;LSI_250;0.15379587153172206;0.3004741834545539;0.14316082695298651;0.4412543873729103;0.15847623603988817;0.16780992749413132;3:17:16.330220
1;TRT13_2G_JT_LSI_200_CorpusCompleto_CV5;Multilayer Perceptron;LSI_200;0.3273692638880607;0.1912559970294705;0.2220210649956348;0.3665646446637967;0.3654895570140685;0.3411926857712121;0:22:58.877298
2;TRT13_2G_JT_LSI_200_CorpusCompleto_CV5;SVM_bagging;LSI_200;0.14985039145859266;0.28898130209018574;0.13726712936078053;0.43881480503212483;0.15415551601955538;0.16416902287448265;5:25:29.863488
